{"cameraMode":{"drawMode":0,"name":"Shaded","section":"Shading Mode"},"sceneLighting":false,"audioPlay":false,"sceneViewState":{"showFog":true,"showMaterialUpdate":false,"showSkybox":false,"showFlares":true,"showImageEffects":true,"showParticleSystems":true},"in2DMode":false,"pivot":{"x":-10.469514846801758,"y":-8.305705070495606,"z":5.544251441955566},"rotation":{"x":-0.27121835947036745,"y":0.3613835275173187,"z":-0.11072482913732529,"w":-0.8852042555809021},"size":15.716777801513672,"orthographic":false}